# Known deviations of golden-unicode-v1 on the localfs provider for engine 67a4236 and client b564eda (run 2, RUN-2026-10-03-localfs.md).
# A rule for verify covers every surface (mount, fresh mount, mirror, provider directory); verify:mirror only the mirror run
# (compare-expected -Tool verify:mirror).
# tool	class	path	issue	note
verify	MTIME	*	gkrost/unidrive#486	the client's cache copy carries the copy time (fix: unidrive-windows#120); placeholders are restamped from it
verify	MISSING	hazards/nfc-nfd-twins/*	gkrost/unidrive#491	the NFD member of each pair collapses onto the NFC path and never reaches the provider
verify	MISSING	hazards/case-fold/{U+212B}.txt	gkrost/unidrive#491	the angstrom sign normalises to U+00C5
verify	FORM	hazards/invisible-and-lookalike-twins/a{U+0301}{U+0302}{U+0303}{U+0304}{U+0305}.txt	gkrost/unidrive#491	a lone non-NFC name is stored in NFC (#171)
verify	EXTRA	african/*	gkrost/unidrive#489	a fresh mount shows a grandchild below a non-BMP folder name (fix: #492)
verify	EXTRA	cats/*	gkrost/unidrive#489	same
verify	EXTRA	historic-and-exotic/*	gkrost/unidrive#489	same
daemon-view	NFCMERGE	hazards/nfc-nfd-twins/*	gkrost/unidrive#491	state.db keys paths in NFC
daemon-view	NFCMERGE	hazards/case-fold/{U+212B}.txt	gkrost/unidrive#491	the angstrom sign normalises to U+00C5
daemon-view	LEAK	*	gkrost/unidrive#489	grandchildren listed below non-BMP folder names (fix: #492)
verify:mirror	MISSING	arabic-and-hebrew/{U+0627}{U+0644}{U+0639}{U+0631}{U+0628}{U+064A}{U+0629}/{U+0635}{U+0648}{U+0631}	gkrost/unidrive#500	an empty directory; the mirror holds none
verify:mirror	MISSING	arabic-and-hebrew/{U+0627}{U+0644}{U+0639}{U+0631}{U+0628}{U+064A}{U+0629}/{U+0645}{U+0633}{U+062A}{U+0646}{U+062F}{U+0627}{U+062A}/{U+0631}{U+0633}{U+0627}{U+0626}{U+0644}/{U+0645}{U+0633}{U+0648}{U+062F}{U+0627}{U+062A}	gkrost/unidrive#500	an empty directory; the mirror holds none
verify:mirror	MISSING	cats/{U+1F408}/{U+1F408}{U+200D}{U+2B1B}/{U+1F41F}	gkrost/unidrive#500	an empty directory; the mirror holds none
verify:mirror	MISSING	cats/{U+1F408}/{U+1F408}{U+200D}{U+2B1B}/{U+1F43E}	gkrost/unidrive#500	an empty directory; the mirror holds none
verify:mirror	MISSING	cjk/{U+65E5}{U+672C}{U+8A9E}/{U+6F22}{U+5B57}/{U+6587}{U+66F8}/{U+624B}{U+7D19}/{U+4E0B}{U+66F8}{U+304D}	gkrost/unidrive#500	an empty directory; the mirror holds none
verify:mirror	MISSING	hazards/empty-things/empty-dir	gkrost/unidrive#500	an empty directory; the mirror holds none
verify:mirror	MISSING	hazards/empty-things/{U+0436}{U+0436}{U+0436}{U+0436}{U+0436}{U+0436}{U+0436}{U+0436}{U+0436}{U+0436}{U+0436}{U+0436}{U+0436}{U+0436}{U+0436}{U+0436}{U+0436}{U+0436}{U+0436}{U+0436}{U+0436}{U+0436}{U+0436}{U+0436}{U+0436}{U+0436}{U+0436}{U+0436}{U+0436}{U+0436}{U+0436}{U+0436}{U+0436}{U+0436}{U+0436}{U+0436}{U+0436}{U+0436}{U+0436}{U+0436}{U+0436}{U+0436}{U+0436}{U+0436}{U+0436}{U+0436}{U+0436}{U+0436}{U+0436}{U+0436}	gkrost/unidrive#500	an empty directory; the mirror holds none
verify:mirror	MISSING	hazards/empty-things/{U+7A7A}{U+306E}{U+30D5}{U+30A9}{U+30EB}{U+30C0}	gkrost/unidrive#500	an empty directory; the mirror holds none
verify:mirror	MISSING	hazards/empty-things/{U+1F4ED}	gkrost/unidrive#500	an empty directory; the mirror holds none
verify:mirror	MISSING	symbols/{U+2605}/{U+2606}/{U+2665}/{U+2666}/{U+2663}/{U+2660}	gkrost/unidrive#500	an empty directory; the mirror holds none
